name,Protocol,Port Display,firewall rule,firewall ruleid
10.102.129.61(02SRV00E83) -> 10.98.97.216(02srv00keu) [port:383],TCP,383,"CATCH_INTEGR_INTRA_TO_APP, INTEGR_APP_TO_INTRA","62082, 63601"
10.102.129.62(02SRV00E82) -> 10.98.97.217(02srv00ket) [port:383],TCP,383,"CATCH_INTEGR_INTRA_TO_APP, INTEGR_APP_TO_INTRA","62082, 63601"
10.107.134.82 -> 10.98.97.217(02srv00ket) [port:22],TCP,22,CATCH_INTEGR_INTRA_TO_APP,62082
10.98.97.217(02srv00ket) -> 10.100.99.105(02srv00hl6) [port:1531],TCP,1531,CATCH_NEAR_TO_FAR,62080
